# time,JS220-005622.i,JS220-005622.v
0.000000000000000000e+00,1.996636763215065002e-02,5.111835479736328125e+00
7.000006735324859619e-05,2.031538821756839752e-02,5.110735893249511719e+00
1.400001347064971924e-04,2.050794102251529694e-02,5.111267566680908203e+00
2.100002020597457886e-04,1.924276910722255707e-02,5.111470222473144531e+00
2.800002694129943848e-04,2.089946530759334564e-02,5.110861778259277344e+00
3.500003367662429810e-04,2.208922989666461945e-02,5.110477924346923828e+00
4.200004041194915771e-04,2.207154035568237305e-02,5.110832691192626953e+00
4.900004714727401733e-04,2.175480686128139496e-02,5.110398769378662109e+00
5.600005388259887695e-04,2.228483557701110840e-02,5.110298633575439453e+00
6.300006061792373657e-04,2.198894508183002472e-02,5.110522270202636719e+00
7.000006735324859619e-04,2.181838825345039368e-02,5.110477924346923828e+00
7.700007408857345581e-04,2.214681357145309448e-02,5.110573291778564453e+00
8.400008082389831543e-04,2.085045352578163147e-02,5.110937118530273438e+00
9.100008755922317505e-04,2.112172916531562805e-02,5.111018180847167969e+00
9.800009429454803467e-04,2.037332952022552490e-02,5.111401081085205078e+00
1.050001010298728943e-03,1.984471082687377930e-02,5.111590385437011719e+00
1.120001077651977539e-03,2.015992999076843262e-02,5.110926628112792969e+00
1.191001385450363159e-03,2.007688209414482117e-02,5.111349582672119141e+00
1.261001452803611755e-03,2.022680640220642090e-02,5.111199855804443359e+00
1.331001520156860352e-03,2.080247364938259125e-02,5.110781669616699219e+00
1.401001587510108948e-03,2.172836475074291229e-02,5.111390113830566406e+00
1.471001654863357544e-03,2.208559028804302216e-02,5.110714912414550781e+00
1.541001722216606140e-03,2.230743691325187683e-02,5.110388755798339844e+00
1.611001789569854736e-03,1.996898464858531952e-02,5.111337661743164062e+00
1.681001856923103333e-03,2.031260542571544647e-02,5.111114501953125000e+00
1.751001924276351929e-03,2.030486986041069031e-02,5.110826492309570312e+00
1.821001991629600525e-03,2.032882347702980042e-02,5.111338615417480469e+00
1.891002058982849121e-03,1.947930082678794861e-02,5.111835479736328125e+00
1.961002126336097717e-03,2.036302350461483002e-02,5.111226558685302734e+00
2.031002193689346313e-03,2.025405503809452057e-02,5.111467838287353516e+00
2.101002261042594910e-03,2.004011534154415131e-02,5.111575603485107422e+00
2.171002328395843506e-03,2.029195800423622131e-02,5.110967636108398438e+00
2.241002395749092102e-03,2.034122310578823090e-02,5.111499786376953125e+00
2.311002463102340698e-03,1.942982524633407593e-02,5.111711025238037109e+00
2.382002770900726318e-03,2.230026200413703918e-02,5.111383914947509766e+00
2.452002838253974915e-03,2.209140919148921967e-02,5.110723495483398438e+00
2.522002905607223511e-03,2.180444262921810150e-02,5.110117912292480469e+00
2.592002972960472107e-03,2.056549489498138428e-02,5.110621452331542969e+00
2.662003040313720703e-03,2.124921791255474091e-02,5.111400604248046875e+00
2.732002176344394684e-03,1.982094161212444305e-02,5.112119197845458984e+00
2.802002243697643280e-03,1.994596235454082489e-02,5.110553264617919922e+00
2.872002311050891876e-03,2.051548287272453308e-02,5.111118316650390625e+00
2.942002378404140472e-03,2.024234831333160400e-02,5.111051082611083984e+00
3.012002445757389069e-03,1.984889619052410126e-02,5.111782550811767578e+00
3.082002513110637665e-03,2.013146877288818359e-02,5.110784053802490234e+00
3.152002580463886261e-03,2.022506855428218842e-02,5.111058712005615234e+00
3.222002647817134857e-03,2.008893899619579315e-02,5.111248016357421875e+00
3.292002715170383453e-03,2.013341337442398071e-02,5.111400127410888672e+00
3.362002782523632050e-03,2.180538512766361237e-02,5.111531257629394531e+00
3.432002849876880646e-03,2.172917686402797699e-02,5.110640525817871094e+00
3.503003157675266266e-03,2.170054242014884949e-02,5.110991001129150391e+00
3.573003225028514862e-03,2.182520925998687744e-02,5.110467910766601562e+00
3.643003292381763458e-03,2.222293242812156677e-02,5.110133647918701172e+00
3.713003359735012054e-03,2.138487063348293304e-02,5.110632419586181641e+00
3.783003427088260651e-03,2.234101295471191406e-02,5.110425472259521484e+00
3.853003494441509247e-03,2.222475036978721619e-02,5.110267639160156250e+00
3.923003561794757843e-03,2.191090956330299377e-02,5.110871791839599609e+00
3.993003629148006439e-03,2.152618393301963806e-02,5.110062122344970703e+00
4.063003696501255035e-03,2.217818610370159149e-02,5.110630989074707031e+00
4.133003763854503632e-03,2.196062356233596802e-02,5.110548973083496094e+00
4.203003831207752228e-03,2.155731245875358582e-02,5.110649585723876953e+00
4.273003898561000824e-03,2.237294055521488190e-02,5.110114574432373047e+00
4.343003965914249420e-03,2.220599167048931122e-02,5.110846996307373047e+00
4.413004033267498016e-03,2.115706354379653931e-02,5.110356330871582031e+00
4.483004100620746613e-03,2.230922318994998932e-02,5.110616683959960938e+00
4.553004167973995209e-03,2.202619239687919617e-02,5.110463142395019531e+00
4.623004235327243805e-03,2.209224179387092590e-02,5.110616207122802734e+00
4.694004543125629425e-03,2.183341607451438904e-02,5.110442161560058594e+00
4.764004610478878021e-03,2.221760153770446777e-02,5.110794544219970703e+00
4.834004677832126617e-03,2.161076292395591736e-02,5.110400676727294922e+00
4.904004745185375214e-03,2.197587676346302032e-02,5.110133647918701172e+00
4.974004812538623810e-03,2.220437303185462952e-02,5.110154628753662109e+00
5.044004879891872406e-03,2.219826355576515198e-02,5.110478878021240234e+00
5.114004947245121002e-03,2.155781723558902740e-02,5.110692024230957031e+00
5.184005014598369598e-03,2.152463048696517944e-02,5.110565662384033203e+00
5.254005081951618195e-03,2.007675729691982269e-02,5.111467361450195312e+00
5.324005149304866791e-03,2.041967771947383881e-02,5.110522270202636719e+00
5.394005216658115387e-03,2.197412773966789246e-02,5.110370635986328125e+00
5.464005284011363983e-03,2.217677049338817596e-02,5.110078334808349609e+00
5.534005351364612579e-03,2.208522148430347443e-02,5.110331535339355469e+00
5.604005418717861176e-03,2.167614176869392395e-02,5.110379695892333984e+00
5.674005486071109772e-03,2.192664518952369690e-02,5.110286235809326172e+00
5.744005553424358368e-03,2.232845500111579895e-02,5.110385417938232422e+00
5.814005620777606964e-03,2.156074717640876770e-02,5.110513210296630859e+00
5.885004997253417969e-03,2.071323432028293610e-02,5.110746383666992188e+00
5.955005064606666565e-03,2.035920135676860809e-02,5.111464977264404297e+00
6.025005131959915161e-03,2.010450884699821472e-02,5.111527442932128906e+00
6.095005199313163757e-03,1.960201188921928406e-02,5.111257076263427734e+00
6.165005266666412354e-03,2.048640884459018707e-02,5.110981464385986328e+00
6.235005334019660950e-03,2.020044624805450439e-02,5.111092090606689453e+00
6.305005401372909546e-03,1.991854421794414520e-02,5.111584663391113281e+00
6.375005468726158142e-03,2.209642343223094940e-02,5.110859394073486328e+00
6.445005536079406738e-03,2.078482136130332947e-02,5.111246109008789062e+00
6.515005603432655334e-03,1.946700550615787506e-02,5.111486434936523438e+00
6.585005670785903931e-03,2.039831317961215973e-02,5.111001491546630859e+00
6.655005738139152527e-03,2.124709822237491608e-02,5.110738754272460938e+00
6.725005805492401123e-03,2.001628838479518890e-02,5.111307621002197266e+00
6.795005872845649719e-03,2.022339776158332825e-02,5.111042499542236328e+00
6.865005940198898315e-03,2.020152099430561066e-02,5.111735820770263672e+00
6.935006007552146912e-03,1.988838799297809601e-02,5.111262798309326172e+00
7.006006315350532532e-03,2.004063501954078674e-02,5.111710548400878906e+00
7.076006382703781128e-03,2.035770379006862640e-02,5.110957622528076172e+00
7.146006450057029724e-03,2.048258297145366669e-02,5.110916614532470703e+00
7.216006517410278320e-03,1.956620626151561737e-02,5.111171245574951172e+00
7.286006584763526917e-03,2.039344236254692078e-02,5.111558914184570312e+00
7.356006652116775513e-03,2.099643275141716003e-02,5.110661029815673828e+00
7.426006719470024109e-03,2.203869260847568512e-02,5.110561370849609375e+00
7.496006786823272705e-03,2.201564051210880280e-02,5.110108852386474609e+00
7.566006854176521301e-03,2.134004980325698853e-02,5.110882759094238281e+00
7.636006921529769897e-03,2.024057507514953613e-02,5.111299514770507812e+00
7.706006988883018494e-03,1.993976160883903503e-02,5.111491203308105469e+00
7.776007056236267090e-03,2.005364000797271729e-02,5.111215114593505859e+00
7.846007123589515686e-03,1.827480271458625793e-02,5.112164497375488281e+00
7.916007190942764282e-03,1.704356633126735687e-02,5.112545013427734375e+00
7.986007258296012878e-03,1.782134175300598145e-02,5.112086296081542969e+00
8.056007325649261475e-03,1.787290722131729126e-02,5.112212657928466797e+00
8.126007393002510071e-03,1.748459599912166595e-02,5.112555503845214844e+00
8.197007700800895691e-03,1.702400296926498413e-02,5.112535953521728516e+00
8.267007768154144287e-03,1.796598359942436218e-02,5.112420558929443359e+00
8.337007835507392883e-03,1.816794835031032562e-02,5.111948490142822266e+00
8.407007902860641479e-03,1.940193027257919312e-02,5.111871242523193359e+00
8.477007970213890076e-03,1.960560120642185211e-02,5.110973358154296875e+00
8.547008037567138672e-03,1.989247091114521027e-02,5.111617088317871094e+00
8.617008104920387268e-03,1.860835403203964233e-02,5.112042427062988281e+00
8.687008172273635864e-03,1.982757635414600372e-02,5.111710548400878906e+00
8.757008239626884460e-03,1.949930191040039062e-02,5.111692428588867188e+00
8.827008306980133057e-03,1.924492046236991882e-02,5.111494541168212891e+00
8.897008374333381653e-03,1.949432492256164551e-02,5.112014770507812500e+00
8.967008441686630249e-03,1.927667483687400818e-02,5.111810207366943359e+00
9.037008509039878845e-03,1.939501613378524780e-02,5.111856460571289062e+00
9.107008576393127441e-03,1.934273727238178253e-02,5.112499237060546875e+00
9.177008643746376038e-03,1.988180354237556458e-02,5.111246585845947266e+00
9.247008711099624634e-03,1.959522813558578491e-02,5.111428260803222656e+00
9.318008087575435638e-03,1.927019283175468445e-02,5.111625671386718750e+00
9.388008154928684235e-03,2.117538079619407654e-02,5.110949039459228516e+00
9.458008222281932831e-03,2.186168543994426727e-02,5.110326766967773438e+00
9.528008289635181427e-03,2.212066017091274261e-02,5.110930442810058594e+00
9.598008356988430023e-03,2.174315042793750763e-02,5.110602855682373047e+00
9.668008424341678619e-03,2.238165587186813354e-02,5.110979557037353516e+00
9.738008491694927216e-03,2.083917334675788879e-02,5.110674381256103516e+00
9.808008559048175812e-03,1.982801221311092377e-02,5.111819744110107422e+00
9.878008626401424408e-03,2.010356448590755463e-02,5.111773014068603516e+00
9.948008693754673004e-03,2.054085955023765564e-02,5.111076354980468750e+00
1.001800876110792160e-02,1.979403011500835419e-02,5.113103866577148438e+00
1.008800882846117020e-02,2.036602236330509186e-02,5.111196041107177734e+00
1.015800889581441879e-02,2.035891823470592499e-02,5.111250400543212891e+00
1.022800896316766739e-02,2.002792432904243469e-02,5.111662387847900391e+00
1.029800903052091599e-02,1.970274932682514191e-02,5.111488819122314453e+00
1.036800909787416458e-02,2.183623425662517548e-02,5.110549449920654297e+00
1.043800916522741318e-02,2.193013392388820648e-02,5.110540390014648438e+00
1.050900947302579880e-02,2.185742184519767761e-02,5.111122131347656250e+00
1.057900954037904739e-02,2.228264510631561279e-02,5.110494136810302734e+00
1.064900960773229599e-02,2.239246293902397156e-02,5.110076427459716797e+00
1.071900967508554459e-02,2.008215710520744324e-02,5.111608505249023438e+00
1.078900974243879318e-02,2.029277943074703217e-02,5.110882759094238281e+00
1.085900980979204178e-02,2.054865285754203796e-02,5.111377239227294922e+00
1.092900987714529037e-02,1.995994709432125092e-02,5.111654758453369141e+00
1.099900994449853897e-02,2.029366232454776764e-02,5.112170696258544922e+00
1.106901001185178757e-02,1.999508962035179138e-02,5.111646652221679688e+00
1.113901007920503616e-02,2.009456418454647064e-02,5.111412048339843750e+00
1.120901014655828476e-02,1.985914632678031921e-02,5.111993312835693359e+00
1.127901021391153336e-02,2.047779597342014313e-02,5.110928535461425781e+00
1.134901028126478195e-02,2.124003879725933075e-02,5.110886096954345703e+00
1.141901034861803055e-02,2.172416821122169495e-02,5.111024379730224609e+00
1.148901041597127914e-02,2.212711051106452942e-02,5.110773563385009766e+00
1.155901048332452774e-02,2.032216824591159821e-02,5.110758304595947266e+00
1.162901055067777634e-02,2.032235823571681976e-02,5.111624240875244141e+00
1.170001085847616196e-02,1.852317899465560913e-02,5.111784934997558594e+00
1.177001092582941055e-02,1.798520237207412720e-02,5.112667560577392578e+00
1.184001099318265915e-02,1.764682307839393616e-02,5.111947059631347656e+00
1.191001106053590775e-02,1.730705611407756805e-02,5.113090038299560547e+00
1.198001112788915634e-02,1.748422719538211823e-02,5.112421512603759766e+00
1.205001119524240494e-02,1.801928132772445679e-02,5.112215042114257812e+00
1.212001126259565353e-02,1.714761927723884583e-02,5.112363338470458984e+00
1.219001132994890213e-02,1.786841452121734619e-02,5.112338066101074219e+00
1.226001139730215073e-02,1.782637089490890503e-02,5.112875938415527344e+00
1.233001146465539932e-02,1.763706281781196594e-02,5.111990928649902344e+00
1.240001153200864792e-02,1.913861371576786041e-02,5.111955642700195312e+00
1.247001159936189651e-02,1.968734525144100189e-02,5.111707687377929688e+00
1.254001073539257050e-02,1.882611587643623352e-02,5.112073421478271484e+00
1.261001080274581909e-02,1.754786632955074310e-02,5.112483024597167969e+00
1.268001087009906769e-02,1.782382093369960785e-02,5.112492084503173828e+00
1.275001093745231628e-02,1.763017848134040833e-02,5.112315177917480469e+00
1.282101124525070190e-02,1.699236221611499786e-02,5.112812042236328125e+00
1.289101131260395050e-02,1.772153377532958984e-02,5.112383365631103516e+00
1.296101137995719910e-02,1.794231310486793518e-02,5.112552642822265625e+00
1.303101144731044769e-02,1.748464442789554596e-02,5.112788677215576172e+00
1.310101151466369629e-02,1.783539354801177979e-02,5.112470149993896484e+00
1.317101158201694489e-02,1.734415441751480103e-02,5.112413883209228516e+00
1.324101164937019348e-02,1.753003709018230438e-02,5.112245082855224609e+00
1.331101171672344208e-02,1.732250861823558807e-02,5.112269878387451172e+00
1.338101178407669067e-02,2.099923044443130493e-02,5.110496520996093750e+00
1.345101185142993927e-02,2.230267785489559174e-02,5.110344409942626953e+00
1.352101191878318787e-02,2.160763181746006012e-02,5.110927581787109375e+00
1.359101198613643646e-02,2.175760455429553986e-02,5.110596656799316406e+00
1.366101205348968506e-02,2.190921083092689514e-02,5.110473155975341797e+00
1.373101212084293365e-02,2.198944985866546631e-02,5.110622406005859375e+00
1.380101218819618225e-02,2.176573500037193298e-02,5.110706329345703125e+00
1.387101225554943085e-02,2.245936170220375061e-02,5.110695838928222656e+00
1.394101232290267944e-02,2.113491110503673553e-02,5.110538959503173828e+00
1.401201263070106506e-02,1.980795152485370636e-02,5.111528396606445312e+00
1.408201269805431366e-02,2.004140801727771759e-02,5.110939502716064453e+00
1.415201276540756226e-02,2.055026404559612274e-02,5.111294269561767578e+00
1.422201283276081085e-02,1.968997344374656677e-02,5.111242771148681641e+00
1.429201290011405945e-02,2.046179957687854767e-02,5.111721515655517578e+00
1.436201296746730804e-02,2.143646962940692902e-02,5.110218048095703125e+00
1.443201303482055664e-02,2.190416492521762848e-02,5.110925197601318359e+00
1.450201310217380524e-02,2.148020640015602112e-02,5.110743522644042969e+00
1.457201316952705383e-02,2.239169180393218994e-02,5.110323905944824219e+00
1.464201323688030243e-02,2.209266275167465210e-02,5.110803127288818359e+00
1.471201330423355103e-02,2.187423035502433777e-02,5.110503673553466797e+00
1.478201337158679962e-02,2.233578078448772430e-02,5.110347270965576172e+00
1.485201343894004822e-02,2.089503034949302673e-02,5.110856056213378906e+00
1.492201350629329681e-02,1.948900148272514343e-02,5.111863136291503906e+00
1.499201357364654541e-02,2.058527059853076935e-02,5.111679077148437500e+00
1.506201364099979401e-02,2.024318650364875793e-02,5.111133575439453125e+00
1.513201370835304260e-02,2.022594586014747620e-02,5.111474990844726562e+00
1.520301308482885361e-02,1.999355107545852661e-02,5.111357688903808594e+00
1.527301315218210220e-02,2.025885693728923798e-02,5.111289501190185547e+00
1.534301321953535080e-02,2.036090567708015442e-02,5.110779762268066406e+00
1.541301328688859940e-02,2.200121432542800903e-02,5.110519409179687500e+00
1.548301335424184799e-02,2.225547470152378082e-02,5.110729217529296875e+00
1.555301342159509659e-02,2.157306484878063202e-02,5.110488891601562500e+00
1.562301348894834518e-02,1.956305839121341705e-02,5.111526966094970703e+00
1.569301355630159378e-02,2.115776203572750092e-02,5.110687255859375000e+00
1.576301362365484238e-02,2.023595757782459259e-02,5.111396789550781250e+00
1.583301369100809097e-02,2.025954052805900574e-02,5.110656738281250000e+00
1.590301375836133957e-02,1.993209868669509888e-02,5.111048698425292969e+00
1.597301382571458817e-02,2.042257413268089294e-02,5.111405372619628906e+00
1.604301389306783676e-02,2.013000100851058960e-02,5.111406326293945312e+00
1.611301396042108536e-02,1.982607692480087280e-02,5.111683845520019531e+00
1.618301402777433395e-02,1.997345685958862305e-02,5.110962390899658203e+00
1.625301409512758255e-02,2.102338336408138275e-02,5.110895633697509766e+00
1.632401440292596817e-02,2.054832875728607178e-02,5.111027240753173828e+00
1.639401447027921677e-02,2.220671065151691437e-02,5.110283851623535156e+00
1.646401453763246536e-02,2.224905975162982941e-02,5.110619068145751953e+00
1.653401460498571396e-02,2.160885557532310486e-02,5.110561847686767578e+00
1.660401467233896255e-02,1.998632587492465973e-02,5.111059188842773438e+00
1.667401473969221115e-02,2.033017016947269440e-02,5.110764503479003906e+00
1.674401480704545975e-02,2.026251703500747681e-02,5.111215114593505859e+00
1.681401487439870834e-02,2.001352049410343170e-02,5.111393928527832031e+00
1.688401494175195694e-02,2.179054915904998779e-02,5.110561370849609375e+00
1.695401500910520554e-02,2.003535255789756775e-02,5.111076831817626953e+00
1.702401507645845413e-02,1.962685026228427887e-02,5.111772537231445312e+00
1.709401514381170273e-02,2.031323686242103577e-02,5.111126422882080078e+00
1.716401521116495132e-02,2.036112174391746521e-02,5.111454963684082031e+00
1.723401527851819992e-02,2.000868692994117737e-02,5.110745429992675781e+00
1.730401534587144852e-02,2.026752196252346039e-02,5.110916137695312500e+00
1.737401541322469711e-02,2.133276686072349548e-02,5.110366821289062500e+00
1.744401548057794571e-02,2.202345430850982666e-02,5.110347747802734375e+00
1.751501578837633133e-02,2.019171975553035736e-02,5.111531257629394531e+00
1.758501585572957993e-02,2.053369954228401184e-02,5.111451625823974609e+00
1.765501592308282852e-02,2.036916464567184448e-02,5.111108303070068359e+00
1.772501599043607712e-02,1.985974609851837158e-02,5.111119270324707031e+00
1.779501605778932571e-02,1.990510523319244385e-02,5.111163616180419922e+00
1.786501612514257431e-02,2.020908519625663757e-02,5.111064434051513672e+00
1.793501619249582291e-02,2.010100707411766052e-02,5.111258506774902344e+00
1.800501625984907150e-02,2.022640779614448547e-02,5.111481189727783203e+00
1.807501632720232010e-02,2.019586041569709778e-02,5.110876083374023438e+00
1.814501639455556870e-02,2.035266533493995667e-02,5.111335754394531250e+00
1.821501646190881729e-02,1.952109672129154205e-02,5.111222267150878906e+00
1.828501652926206589e-02,2.037237584590911865e-02,5.110733509063720703e+00
1.835501659661531448e-02,2.118758112192153931e-02,5.110704421997070312e+00
1.842501666396856308e-02,2.157857269048690796e-02,5.110675334930419922e+00
1.849501673132181168e-02,2.207542955875396729e-02,5.110722541809082031e+00
1.856501679867506027e-02,2.233494073152542114e-02,5.110006809234619141e+00
1.863601617515087128e-02,2.182140015065670013e-02,5.110832214355468750e+00
1.870601624250411987e-02,2.163935638964176178e-02,5.110481262207031250e+00
1.877601630985736847e-02,2.237354032695293427e-02,5.110310554504394531e+00
1.884601637721061707e-02,2.195132151246070862e-02,5.110886573791503906e+00
1.891601644456386566e-02,2.162210084497928619e-02,5.111135482788085938e+00
1.898601651191711426e-02,2.211129479110240936e-02,5.110507011413574219e+00
1.905601657927036285e-02,2.201059088110923767e-02,5.110073566436767578e+00
1.912601664662361145e-02,1.974738575518131256e-02,5.111588478088378906e+00
1.919601671397686005e-02,2.022640407085418701e-02,5.110694885253906250e+00
1.926601678133010864e-02,2.050615474581718445e-02,5.111327171325683594e+00
1.933601684868335724e-02,2.034786343574523926e-02,5.111014366149902344e+00
1.940601691603660583e-02,2.208113111555576324e-02,5.110764026641845703e+00
1.947601698338985443e-02,2.168841660022735596e-02,5.110416412353515625e+00
1.954601705074310303e-02,2.206410653889179230e-02,5.110370159149169922e+00
1.961601711809635162e-02,2.183956839144229889e-02,5.110881328582763672e+00
1.968601718544960022e-02,2.155544608831405640e-02,5.109861850738525391e+00
1.975601725280284882e-02,2.141690999269485474e-02,5.110969543457031250e+00
1.982701756060123444e-02,1.976551674306392670e-02,5.111326694488525391e+00
1.989701762795448303e-02,2.021356672048568726e-02,5.111140251159667969e+00
1.996701769530773163e-02,2.001577615737915039e-02,5.110998630523681641e+00
2.003701776266098022e-02,2.024702169001102448e-02,5.111492156982421875e+00
2.010701783001422882e-02,2.000326476991176605e-02,5.111504554748535156e+00
2.017701789736747742e-02,2.038026787340641022e-02,5.111264705657958984e+00
2.024701796472072601e-02,2.011043950915336609e-02,5.110994815826416016e+00
2.031701803207397461e-02,2.082228474318981171e-02,5.110875606536865234e+00
2.038701809942722321e-02,2.199620008468627930e-02,5.110163688659667969e+00
2.045701816678047180e-02,2.232545427978038788e-02,5.110595703125000000e+00
2.052701823413372040e-02,2.154640853404998779e-02,5.110587120056152344e+00
2.059701830148696899e-02,2.240417897701263428e-02,5.110881805419921875e+00
2.066701836884021759e-02,2.214548550546169281e-02,5.110898971557617188e+00
2.073701843619346619e-02,2.184573747217655182e-02,5.110746383666992188e+00
2.080701850354671478e-02,2.172398194670677185e-02,5.110616683959960938e+00
2.087701857089996338e-02,2.084510400891304016e-02,5.111696243286132812e+00
2.094701863825321198e-02,2.102216333150863647e-02,5.111555576324462891e+00
2.101801894605159760e-02,1.994093507528305054e-02,5.111820697784423828e+00
2.108801901340484619e-02,2.051715366542339325e-02,5.111503124237060547e+00
2.115801908075809479e-02,2.015704102814197540e-02,5.111834526062011719e+00
2.122801914811134338e-02,1.944956555962562561e-02,5.112000942230224609e+00
2.129801921546459198e-02,2.033771574497222900e-02,5.112002372741699219e+00
2.136801928281784058e-02,2.136641927063465118e-02,5.110725402832031250e+00
2.143801935017108917e-02,2.198451571166515350e-02,5.110895633697509766e+00
2.150801941752433777e-02,2.199168689548969269e-02,5.111015796661376953e+00
2.157801948487758636e-02,2.172278240323066711e-02,5.110991954803466797e+00
2.164801955223083496e-02,1.991179399192333221e-02,5.111439228057861328e+00
2.171801961958408356e-02,2.001471817493438721e-02,5.111890792846679688e+00
2.178801968693733215e-02,2.045438997447490692e-02,5.111495971679687500e+00
2.185801975429058075e-02,2.040076814591884613e-02,5.111126422882080078e+00
2.192801982164382935e-02,1.983298920094966888e-02,5.111620903015136719e+00
2.199801988899707794e-02,2.004974335432052612e-02,5.111364364624023438e+00
2.206801995635032654e-02,2.026527933776378632e-02,5.111831665039062500e+00
2.213901933282613754e-02,1.995867118239402771e-02,5.111020565032958984e+00
2.220901940017938614e-02,2.024986408650875092e-02,5.111508369445800781e+00
2.227901946753263474e-02,2.016205340623855591e-02,5.111303806304931641e+00
2.234901953488588333e-02,2.099925279617309570e-02,5.111673831939697266e+00
2.241901960223913193e-02,2.129633724689483643e-02,5.110825061798095703e+00
2.248901966959238052e-02,2.236252091825008392e-02,5.110920906066894531e+00
2.255901973694562912e-02,2.125358022749423981e-02,5.110617637634277344e+00
2.262901980429887772e-02,2.089474536478519440e-02,5.111966133117675781e+00
2.269901987165212631e-02,2.043453231453895569e-02,5.111233711242675781e+00
2.276901993900537491e-02,2.039516344666481018e-02,5.111262798309326172e+00
2.283902000635862350e-02,1.980470120906829834e-02,5.111418247222900391e+00
2.290902007371187210e-02,2.013700827956199646e-02,5.111063003540039062e+00
2.297902014106512070e-02,2.009992115199565887e-02,5.111364841461181641e+00
2.304902020841836929e-02,2.028260566294193268e-02,5.111567974090576172e+00
2.311902027577161789e-02,1.997577585279941559e-02,5.111729145050048828e+00
2.318902034312486649e-02,2.036186493933200836e-02,5.111536979675292969e+00
2.325902041047811508e-02,2.011570706963539124e-02,5.111350059509277344e+00
2.333002071827650070e-02,1.974834874272346497e-02,5.112206935882568359e+00
2.340002078562974930e-02,2.205742709338665009e-02,5.110390186309814453e+00
2.347002085298299789e-02,2.212394960224628448e-02,5.110663890838623047e+00
2.354002092033624649e-02,2.175425738096237183e-02,5.110708236694335938e+00
2.361002098768949509e-02,2.196579799056053162e-02,5.110942840576171875e+00
2.368002105504274368e-02,2.164789848029613495e-02,5.110742568969726562e+00
2.375002112239599228e-02,2.196908369660377502e-02,5.110800266265869141e+00
2.382002118974924088e-02,2.187286689877510071e-02,5.110798835754394531e+00
2.389002125710248947e-02,2.226184122264385223e-02,5.110593318939208984e+00
2.396002132445573807e-02,2.095569670200347900e-02,5.111608982086181641e+00
2.403002139180898666e-02,1.980413310229778290e-02,5.111340045928955078e+00
2.410002145916223526e-02,2.063795365393161774e-02,5.111206054687500000e+00
2.417002152651548386e-02,2.029242180287837982e-02,5.110829830169677734e+00
2.424002159386873245e-02,2.028600685298442841e-02,5.111526012420654297e+00
2.431002166122198105e-02,2.013077214360237122e-02,5.111290454864501953e+00
2.438002172857522964e-02,2.205483429133892059e-02,5.110346794128417969e+00
2.445002179592847824e-02,2.206802368164062500e-02,5.110741138458251953e+00
2.452102210372686386e-02,2.207158878445625305e-02,5.110579013824462891e+00
2.459102217108011246e-02,2.134238369762897491e-02,5.110351562500000000e+00
2.466102130711078644e-02,2.060532942414283752e-02,5.111174106597900391e+00
2.473102137446403503e-02,1.976314932107925415e-02,5.111273765563964844e+00
2.480102144181728363e-02,2.051969245076179504e-02,5.111227035522460938e+00
2.487102150917053223e-02,2.040388993918895721e-02,5.110590934753417969e+00
2.494102157652378082e-02,2.131586149334907532e-02,5.111207008361816406e+00
2.501102164387702942e-02,2.040260843932628632e-02,5.111332893371582031e+00
2.508102171123027802e-02,2.029753848910331726e-02,5.111262321472167969e+00
2.515102177858352661e-02,2.050371840596199036e-02,5.111530780792236328e+00
2.522102184593677521e-02,1.992899924516677856e-02,5.111380100250244141e+00
2.529102191329002380e-02,2.055815793573856354e-02,5.111327648162841797e+00
2.536102198064327240e-02,2.123801596462726593e-02,5.110517024993896484e+00
2.543102204799652100e-02,2.179535105824470520e-02,5.110187530517578125e+00
2.550102211534976959e-02,2.226868644356727600e-02,5.110602378845214844e+00
2.557102218270301819e-02,2.243412286043167114e-02,5.110932350158691406e+00
2.564202249050140381e-02,2.197363227605819702e-02,5.110557556152343750e+00
2.571202255785465240e-02,2.224742993712425232e-02,5.110791683197021484e+00
2.578202262520790100e-02,2.199094370007514954e-02,5.110692024230957031e+00
2.585202269256114960e-02,2.227504737675189972e-02,5.110016822814941406e+00
2.592202275991439819e-02,2.188935875892639160e-02,5.110828399658203125e+00
2.599202282726764679e-02,2.249201573431491852e-02,5.110042572021484375e+00
2.606202289462089539e-02,2.241085655987262726e-02,5.110582351684570312e+00
2.613202296197414398e-02,2.148951776325702667e-02,5.110269546508789062e+00
2.620202302932739258e-02,2.245296537876129150e-02,5.111145019531250000e+00
2.627202309668064117e-02,2.216615900397300720e-02,5.110595703125000000e+00
2.634202316403388977e-02,2.225533872842788696e-02,5.110632419586181641e+00
2.641202323138713837e-02,2.192019484937191010e-02,5.110526084899902344e+00
2.648202329874038696e-02,2.232509851455688477e-02,5.110209941864013672e+00
2.655202336609363556e-02,2.234288118779659271e-02,5.110783100128173828e+00
2.662202343344688416e-02,2.175299823284149170e-02,5.111107349395751953e+00
2.669202350080013275e-02,2.262336760759353638e-02,5.111068248748779297e+00
2.676202356815338135e-02,2.051845379173755646e-02,5.111239910125732422e+00
2.683302387595176697e-02,2.005335129797458649e-02,5.111307144165039062e+00
2.690302394330501556e-02,2.052761428058147430e-02,5.111382961273193359e+00
2.697302401065826416e-02,2.054093405604362488e-02,5.111164569854736328e+00
2.704302407801151276e-02,2.025204338133335114e-02,5.111920356750488281e+00
2.711302414536476135e-02,2.015691064298152924e-02,5.111371517181396484e+00
2.718302421271800995e-02,2.056678570806980133e-02,5.111477375030517578e+00
2.725302428007125854e-02,2.009373717010021210e-02,5.110903263092041016e+00
2.732302434742450714e-02,2.015931345522403717e-02,5.112549304962158203e+00
2.739302441477775574e-02,2.225011587142944336e-02,5.110800743103027344e+00
2.746302448213100433e-02,2.237424626946449280e-02,5.110499382019042969e+00
2.753302454948425293e-02,2.172744646668434143e-02,5.110944747924804688e+00
2.760302461683750153e-02,2.095168270170688629e-02,5.111108779907226562e+00
2.767302468419075012e-02,2.063152380287647247e-02,5.111691951751708984e+00
2.774302475154399872e-02,2.025729976594448090e-02,5.110745429992675781e+00
2.781302481889724731e-02,1.975852996110916138e-02,5.112076759338378906e+00
2.788302488625049591e-02,1.777542941272258759e-02,5.112794876098632812e+00
2.795402426272630692e-02,1.793675124645233154e-02,5.112066745758056641e+00
2.802402433007955551e-02,1.751585677266120911e-02,5.113230228424072266e+00
2.809402439743280411e-02,1.806051470339298248e-02,5.111659049987792969e+00
2.816402446478605270e-02,1.798020116984844208e-02,5.112290859222412109e+00
2.823402453213930130e-02,1.730907149612903595e-02,5.113470554351806641e+00
2.830402459949254990e-02,1.798200979828834534e-02,5.112078666687011719e+00
2.837402466684579849e-02,1.901226863265037537e-02,5.111390590667724609e+00
2.844402473419904709e-02,1.948730275034904480e-02,5.111535549163818359e+00
2.851402480155229568e-02,1.968828216195106506e-02,5.111567497253417969e+00
2.858402486890554428e-02,1.982380449771881104e-02,5.112173557281494141e+00
2.865402493625879288e-02,1.979235745966434479e-02,5.111837387084960938e+00
2.872402500361204147e-02,1.915972866117954254e-02,5.111985206604003906e+00
2.879402507096529007e-02,1.991200260818004608e-02,5.111722946166992188e+00
2.886402513831853867e-02,1.978630572557449341e-02,5.111616611480712891e+00
2.893402520567178726e-02,1.917580515146255493e-02,5.111812591552734375e+00
2.900402527302503586e-02,1.998167857527732849e-02,5.111773490905761719e+00
2.907402534037828445e-02,2.006809599697589874e-02,5.111316680908203125e+00
2.914502564817667007e-02,2.013515867292881012e-02,5.111625671386718750e+00
2.921502571552991867e-02,2.000188827514648438e-02,5.111775398254394531e+00
2.928502578288316727e-02,2.051282115280628204e-02,5.110848903656005859e+00
2.935502585023641586e-02,2.059460990130901337e-02,5.111617088317871094e+00
2.942502591758966446e-02,2.245329320430755615e-02,5.110455036163330078e+00
2.949502598494291306e-02,2.106853388249874115e-02,5.111061573028564453e+00
2.956502605229616165e-02,1.925606466829776764e-02,5.111799716949462891e+00
2.963502611964941025e-02,1.871409639716148376e-02,5.111964225769042969e+00
2.970502618700265884e-02,1.905926503241062164e-02,5.112238407135009766e+00
2.977502625435590744e-02,1.874411106109619141e-02,5.112040519714355469e+00
2.984502632170915604e-02,1.711076498031616211e-02,5.112508773803710938e+00
2.991502638906240463e-02,1.733516715466976166e-02,5.112612724304199219e+00
2.998502645641565323e-02,1.824367791414260864e-02,5.111887931823730469e+00
3.005502652376890182e-02,2.056154236197471619e-02,5.111263275146484375e+00
3.012502659112215042e-02,8.261778950691223145e-02,5.083094596862792969e+00
3.019502665847539902e-02,9.208186715841293335e-02,5.080147743225097656e+00
3.026502672582864761e-02,9.236943721771240234e-02,5.079994201660156250e+00
3.033602703362703323e-02,9.196567535400390625e-02,5.080474853515625000e+00
3.040602710098028183e-02,9.435654431581497192e-02,5.079706668853759766e+00
3.047602716833353043e-02,9.419277310371398926e-02,5.079762458801269531e+00
3.054602723568677902e-02,9.408200532197952271e-02,5.078558444976806641e+00
3.061602730304002762e-02,9.436629712581634521e-02,5.079215526580810547e+00
3.068602737039327621e-02,9.450305253267288208e-02,5.079661846160888672e+00
3.075602743774652481e-02,9.235830605030059814e-02,5.080111980438232422e+00
3.082602750509977341e-02,9.221874922513961792e-02,5.080804824829101562e+00
3.089602757245302200e-02,9.287878125905990601e-02,5.079811573028564453e+00
3.096602763980627060e-02,9.203930199146270752e-02,5.080679416656494141e+00
3.103602770715951920e-02,9.178941696882247925e-02,5.080758571624755859e+00
3.110602777451276779e-02,9.253156185150146484e-02,5.080676078796386719e+00
3.117602784186601639e-02,9.243364632129669189e-02,5.080237865447998047e+00
3.124602790921926498e-02,9.223365783691406250e-02,5.080440521240234375e+00
3.131602797657251358e-02,9.203188121318817139e-02,5.080725193023681641e+00
3.138602804392576218e-02,9.394285827875137329e-02,5.079734802246093750e+00
3.145702742040157318e-02,9.418519586324691772e-02,5.079648017883300781e+00
3.152702748775482178e-02,9.395215660333633423e-02,5.079761028289794922e+00
3.159702755510807037e-02,9.256309270858764648e-02,5.079473972320556641e+00
3.166702762246131897e-02,9.279614686965942383e-02,5.079614639282226562e+00
3.173702768981456757e-02,8.934192359447479248e-02,5.081492900848388672e+00
3.180702775716781616e-02,8.945245295763015747e-02,5.081537723541259766e+00
3.187702782452106476e-02,8.956597000360488892e-02,5.081638336181640625e+00
3.194702789187431335e-02,8.906232565641403198e-02,5.081711292266845703e+00
3.201702795922756195e-02,8.938341587781906128e-02,5.081795692443847656e+00
3.208702802658081055e-02,8.997724205255508423e-02,5.080563068389892578e+00
3.215702809393405914e-02,8.960038423538208008e-02,5.081484317779541016e+00
3.222702816128730774e-02,8.957959711551666260e-02,5.081873416900634766e+00
3.229702822864055634e-02,8.992097526788711548e-02,5.081289768218994141e+00
3.236702829599380493e-02,9.086216986179351807e-02,5.080380916595458984e+00
3.243702836334705353e-02,9.110984951257705688e-02,5.080622673034667969e+00
3.250702843070030212e-02,9.210639446973800659e-02,5.080828189849853516e+00
3.257702849805355072e-02,9.039384871721267700e-02,5.081074714660644531e+00
3.264802880585193634e-02,8.992046862840652466e-02,5.081456661224365234e+00
3.271802887320518494e-02,9.065508842468261719e-02,5.080789566040039062e+00
3.278802894055843353e-02,9.019637852907180786e-02,5.081317424774169922e+00
3.285802900791168213e-02,8.983724564313888550e-02,5.081261157989501953e+00
3.292802907526493073e-02,8.966635912656784058e-02,5.081368923187255859e+00
3.299802914261817932e-02,8.989697694778442383e-02,5.080683708190917969e+00
3.306802920997142792e-02,8.985029906034469604e-02,5.081616401672363281e+00
3.313802927732467651e-02,8.926757425069808960e-02,5.081734657287597656e+00
3.320802934467792511e-02,9.004678577184677124e-02,5.080783843994140625e+00
3.327802941203117371e-02,8.990570902824401855e-02,5.081522464752197266e+00
3.334802947938442230e-02,8.988660573959350586e-02,5.080769538879394531e+00
3.341802954673767090e-02,9.396362304687500000e-02,5.079501628875732422e+00
3.348802961409091949e-02,9.432739764451980591e-02,5.079410552978515625e+00
3.355802968144416809e-02,9.382376074790954590e-02,5.079683303833007812e+00
3.362802974879741669e-02,9.334472566843032837e-02,5.079709053039550781e+00
3.369802981615066528e-02,9.375015646219253540e-02,5.079681396484375000e+00
3.376802988350391388e-02,9.369102120399475098e-02,5.079517364501953125e+00
3.383903019130229950e-02,9.337786585092544556e-02,5.079639911651611328e+00
3.390903025865554810e-02,9.435810148715972900e-02,5.079053878784179688e+00
3.397903032600879669e-02,9.317532926797866821e-02,5.080157756805419922e+00
3.404903039336204529e-02,9.208921343088150024e-02,5.080232143402099609e+00
3.411903046071529388e-02,9.222874790430068970e-02,5.079398155212402344e+00
3.418903052806854248e-02,9.254321455955505371e-02,5.080667495727539062e+00
3.425903059542179108e-02,9.229073673486709595e-02,5.079946041107177734e+00
3.432903066277503967e-02,9.202055633068084717e-02,5.080569267272949219e+00
3.439902979880571365e-02,9.430704265832901001e-02,5.078912258148193359e+00
3.446902986615896225e-02,9.452150017023086548e-02,5.079572200775146484e+00
3.453902993351221085e-02,9.440457075834274292e-02,5.079344272613525391e+00
3.460903000086545944e-02,5.458848178386688232e-02,5.098128318786621094e+00
3.467903006821870804e-02,2.040768042206764221e-02,5.111359119415283203e+00
3.474903013557195663e-02,2.261550165712833405e-02,5.110212326049804688e+00
3.481903020292520523e-02,2.308891527354717255e-02,5.109886169433593750e+00
3.488903027027845383e-02,2.059262432157993317e-02,5.111351966857910156e+00
3.496003057807683945e-02,2.128019556403160095e-02,5.111391067504882812e+00
3.503003064543008804e-02,2.148764021694660187e-02,5.110869884490966797e+00
3.510003071278333664e-02,2.165491878986358643e-02,5.110513210296630859e+00
3.517003078013658524e-02,2.198489569127559662e-02,5.110565662384033203e+00
3.524003084748983383e-02,2.093455567955970764e-02,5.110808849334716797e+00
3.531003091484308243e-02,2.149840258061885834e-02,5.110766410827636719e+00
3.538003098219633102e-02,2.256815880537033081e-02,5.110030651092529297e+00
3.545003104954957962e-02,2.347360923886299133e-02,5.109748363494873047e+00
3.552003111690282822e-02,2.268450520932674408e-02,5.110633373260498047e+00
3.559003118425607681e-02,2.142011187970638275e-02,5.111158847808837891e+00
3.566003125160932541e-02,2.107162401080131531e-02,5.110958576202392578e+00
3.573003131896257401e-02,2.168623544275760651e-02,5.111581325531005859e+00
3.580003138631582260e-02,2.126150019466876984e-02,5.110743999481201172e+00
3.587003145366907120e-02,2.181248739361763000e-02,5.110893249511718750e+00
3.594003152102231979e-02,2.102611400187015533e-02,5.111863136291503906e+00
3.601003158837556839e-02,2.149496227502822876e-02,5.110707759857177734e+00
3.608003165572881699e-02,2.185023948550224304e-02,5.110510349273681641e+00
3.615103196352720261e-02,2.103600092232227325e-02,5.111471652984619141e+00
3.622103203088045120e-02,2.131864614784717560e-02,5.110832691192626953e+00
3.629103209823369980e-02,2.276672795414924622e-02,5.110763072967529297e+00
3.636103216558694839e-02,2.242969721555709839e-02,5.110188961029052734e+00
3.643103223294019699e-02,2.344362437725067139e-02,5.109956741333007812e+00
3.650103230029344559e-02,2.352879382669925690e-02,5.109881877899169922e+00
3.657103236764669418e-02,2.255971170961856842e-02,5.110825538635253906e+00
3.664103243499994278e-02,2.051553688943386078e-02,5.111461162567138672e+00
3.671103250235319138e-02,2.191426418721675873e-02,5.110416412353515625e+00
3.678103256970643997e-02,2.167004905641078949e-02,5.111123085021972656e+00
3.685103263705968857e-02,2.193092182278633118e-02,5.110393047332763672e+00
3.692103270441293716e-02,2.234601043164730072e-02,5.110385417938232422e+00
3.699103277176618576e-02,2.128816395998001099e-02,5.110189437866210938e+00
3.706103283911943436e-02,2.145549282431602478e-02,5.110839843750000000e+00
3.713103290647268295e-02,2.125524170696735382e-02,5.110410213470458984e+00
3.720103297382593155e-02,2.185886912047863007e-02,5.110938549041748047e+00
3.727203235030174255e-02,2.169041521847248077e-02,5.110963821411132812e+00
3.734203241765499115e-02,2.118445746600627899e-02,5.110733032226562500e+00
3.741203248500823975e-02,2.321058325469493866e-02,5.110411643981933594e+00
3.748203255236148834e-02,2.348644845187664032e-02,5.110130786895751953e+00
3.755203261971473694e-02,2.091786824166774750e-02,5.110685348510742188e+00
3.762203268706798553e-02,2.092958241701126099e-02,5.111554145812988281e+00
3.769203275442123413e-02,2.107334323227405548e-02,5.111311435699462891e+00
3.776203282177448273e-02,2.109649218618869781e-02,5.110976219177246094e+00
3.783203288912773132e-02,2.064726315438747406e-02,5.111326217651367188e+00
3.790203295648097992e-02,2.084255404770374298e-02,5.111218929290771484e+00
3.797203302383422852e-02,2.146007493138313293e-02,5.111115455627441406e+00
3.804203309118747711e-02,2.024131268262863159e-02,5.111806392669677734e+00
3.811203315854072571e-02,2.083372510969638824e-02,5.110990524291992188e+00
3.818203322589397430e-02,2.068435400724411011e-02,5.110752582550048828e+00
3.825203329324722290e-02,2.029511891305446625e-02,5.111908435821533203e+00
3.832203336060047150e-02,1.994887366890907288e-02,5.111385345458984375e+00
3.839203342795372009e-02,2.206568419933319092e-02,5.110617160797119141e+00
3.846303373575210571e-02,2.220565825700759888e-02,5.110501766204833984e+00
3.853303380310535431e-02,2.241359651088714600e-02,5.110755920410156250e+00
3.860303387045860291e-02,2.238006889820098877e-02,5.110856533050537109e+00
3.867303393781185150e-02,2.257389388978481293e-02,5.110287189483642578e+00
3.874303400516510010e-02,2.174770087003707886e-02,5.111146450042724609e+00
3.881303407251834869e-02,2.221461944282054901e-02,5.110741615295410156e+00
3.888303413987159729e-02,2.250867150723934174e-02,5.111005783081054688e+00
3.895303420722484589e-02,2.210754156112670898e-02,5.110441684722900391e+00
3.902303427457809448e-02,2.220521867275238037e-02,5.110306739807128906e+00
3.909303434193134308e-02,2.192300930619239807e-02,5.111024856567382812e+00
3.916303440928459167e-02,2.012709341943264008e-02,5.111149311065673828e+00
3.923303447663784027e-02,2.040822431445121765e-02,5.111629962921142578e+00
3.930303454399108887e-02,2.050521597266197205e-02,5.111110687255859375e+00
3.937303461134433746e-02,2.167635783553123474e-02,5.110697269439697266e+00
3.944303467869758606e-02,2.173249050974845886e-02,5.110477447509765625e+00
3.951303474605083466e-02,2.248895913362503052e-02,5.110180854797363281e+00
3.958303481340408325e-02,2.208851091563701630e-02,5.110479354858398438e+00
3.965403512120246887e-02,2.231560833752155304e-02,5.110859394073486328e+00
3.972403518855571747e-02,2.163987979292869568e-02,5.110626220703125000e+00
3.979403525590896606e-02,2.179910801351070404e-02,5.110572338104248047e+00
3.986403532326221466e-02,2.060739323496818542e-02,5.111251831054687500e+00
3.993403539061546326e-02,1.993297226727008820e-02,5.110949516296386719e+00
4.000403545796871185e-02,2.044413238763809204e-02,5.111347198486328125e+00
4.007403552532196045e-02,2.053071931004524231e-02,5.110982894897460938e+00
4.014403559267520905e-02,2.015197090804576874e-02,5.111267566680908203e+00
4.021403566002845764e-02,2.037098072469234467e-02,5.110967159271240234e+00
4.028403572738170624e-02,2.084309421479701996e-02,5.111379146575927734e+00
4.035403579473495483e-02,2.162908203899860382e-02,5.110733985900878906e+00
4.042403586208820343e-02,2.193408645689487457e-02,5.110250949859619141e+00
4.049403592944145203e-02,2.235842496156692505e-02,5.110544204711914062e+00
4.056403599679470062e-02,2.243879809975624084e-02,5.110768795013427734e+00
4.063403606414794922e-02,2.218214794993400574e-02,5.110635280609130859e+00
4.070403613150119781e-02,2.299035713076591492e-02,5.109855175018310547e+00
4.077503550797700882e-02,2.232567407190799713e-02,5.110707759857177734e+00
4.084503557533025742e-02,2.091863006353378296e-02,5.110684871673583984e+00
4.091503564268350601e-02,2.175060100853443146e-02,5.111076354980468750e+00
4.098503571003675461e-02,2.079707942903041840e-02,5.110917091369628906e+00
4.105503577739000320e-02,2.053996175527572632e-02,5.111373901367187500e+00
4.112503584474325180e-02,2.023276500403881073e-02,5.111314296722412109e+00
4.119503591209650040e-02,2.056123688817024231e-02,5.111357212066650391e+00
4.126503597944974899e-02,2.009540982544422150e-02,5.111346244812011719e+00
4.133503604680299759e-02,2.025290392339229584e-02,5.111238956451416016e+00
4.140503611415624619e-02,2.277190797030925751e-02,5.110273361206054688e+00
4.147503618150949478e-02,2.247497066855430603e-02,5.109990119934082031e+00
4.154503624886274338e-02,2.206136286258697510e-02,5.110967636108398438e+00
4.161503631621599197e-02,2.140204235911369324e-02,5.110687732696533203e+00
4.168503638356924057e-02,2.047664672136306763e-02,5.111435413360595703e+00
4.175503645092248917e-02,2.058487758040428162e-02,5.111342906951904297e+00
4.182503651827573776e-02,2.033113688230514526e-02,5.111446380615234375e+00
4.189503658562898636e-02,2.046965248882770538e-02,5.111104011535644531e+00
4.196603689342737198e-02,2.049001865088939667e-02,5.111206054687500000e+00
4.203603696078062057e-02,2.015873789787292480e-02,5.111577033996582031e+00
4.210603702813386917e-02,2.043295092880725861e-02,5.111917972564697266e+00
4.217603709548711777e-02,2.053460478782653809e-02,5.111296176910400391e+00
4.224603716284036636e-02,2.029822953045368195e-02,5.111441612243652344e+00
4.231603723019361496e-02,2.033538743853569031e-02,5.111006736755371094e+00
4.238603729754686356e-02,2.201931551098823547e-02,5.110711574554443359e+00
4.245603736490011215e-02,2.223575860261917114e-02,5.111133575439453125e+00
4.252603743225336075e-02,2.179251238703727722e-02,5.110819339752197266e+00
4.259603749960660934e-02,2.138620801270008087e-02,5.110986232757568359e+00
4.266603756695985794e-02,2.193093858659267426e-02,5.111155509948730469e+00
4.273603763431310654e-02,2.039189077913761139e-02,5.111290454864501953e+00
4.280603770166635513e-02,2.079162187874317169e-02,5.111168861389160156e+00
4.287603776901960373e-02,2.035686746239662170e-02,5.111274719238281250e+00
4.294603783637285233e-02,1.987263374030590057e-02,5.111982822418212891e+00
4.301603790372610092e-02,2.045678906142711639e-02,5.110973358154296875e+00
4.308603797107934952e-02,2.057211287319660187e-02,5.110921382904052734e+00
4.315703827887773514e-02,2.067964337766170502e-02,5.111788749694824219e+00
4.322703834623098373e-02,2.063827030360698700e-02,5.110752582550048828e+00
4.329703841358423233e-02,2.056518010795116425e-02,5.111350059509277344e+00
4.336703848093748093e-02,2.063048817217350006e-02,5.110937595367431641e+00
4.343703854829072952e-02,2.205840684473514557e-02,5.110464572906494141e+00
4.350703861564397812e-02,2.230119146406650543e-02,5.110456943511962891e+00
4.357703868299722672e-02,2.253297902643680573e-02,5.110414505004882812e+00
4.364703875035047531e-02,2.175222150981426239e-02,5.110504627227783203e+00
4.371703881770372391e-02,2.237826213240623474e-02,5.110141754150390625e+00
4.378703888505697250e-02,2.233307808637619019e-02,5.110815048217773438e+00
4.385703895241022110e-02,2.226990833878517151e-02,5.110766887664794922e+00
4.392703901976346970e-02,2.235107310116291046e-02,5.110871315002441406e+00
4.399703908711671829e-02,2.224232815206050873e-02,5.110632419586181641e+00
4.406703915446996689e-02,2.233445271849632263e-02,5.110503673553466797e+00
4.413703922182321548e-02,2.191825769841670990e-02,5.110624790191650391e+00
4.420703835785388947e-02,2.218057028949260712e-02,5.110588073730468750e+00
4.427803866565227509e-02,2.240966446697711945e-02,5.110427379608154297e+00
4.434803873300552368e-02,2.190642058849334717e-02,5.110577583312988281e+00
4.441803880035877228e-02,2.233010716736316681e-02,5.110974311828613281e+00
4.448803886771202087e-02,2.252320572733879089e-02,5.109958648681640625e+00
4.455803893506526947e-02,2.217355556786060333e-02,5.110636711120605469e+00
4.462803900241851807e-02,2.183942496776580811e-02,5.110012531280517578e+00
4.469803906977176666e-02,2.245381101965904236e-02,5.110351085662841797e+00
4.476803913712501526e-02,2.260498888790607452e-02,5.110261440277099609e+00
4.483803920447826385e-02,2.208751812577247620e-02,5.110564708709716797e+00
4.490803927183151245e-02,2.237253822386264801e-02,5.110369205474853516e+00
4.497803933918476105e-02,2.248995006084442139e-02,5.110678195953369141e+00
4.504803940653800964e-02,2.144134603440761566e-02,5.110809326171875000e+00
4.511803947389125824e-02,2.248567156493663788e-02,5.110783100128173828e+00
4.518803954124450684e-02,2.246239781379699707e-02,5.110355854034423828e+00
4.525803960859775543e-02,2.231892757117748260e-02,5.110846042633056641e+00
4.532803967595100403e-02,2.202718704938888550e-02,5.110271453857421875e+00
4.539803974330425262e-02,2.250816859304904938e-02,5.110651493072509766e+00
4.546904005110263824e-02,2.185167372226715088e-02,5.110133171081542969e+00
4.553904011845588684e-02,2.113956958055496216e-02,5.110674858093261719e+00
4.560904018580913544e-02,2.047517895698547363e-02,5.110957145690917969e+00
4.567904025316238403e-02,2.012903615832328796e-02,5.111335754394531250e+00
4.574904032051563263e-02,1.940144784748554230e-02,5.111245155334472656e+00
4.581904038786888123e-02,2.011330798268318176e-02,5.111489772796630859e+00
4.588904045522212982e-02,1.950986869633197784e-02,5.111437797546386719e+00
4.595904052257537842e-02,1.845793984830379486e-02,5.112339019775390625e+00
4.602904058992862701e-02,1.778966933488845825e-02,5.111805915832519531e+00
4.609904065728187561e-02,1.800975948572158813e-02,5.111749649047851562e+00
4.616904072463512421e-02,1.810371875762939453e-02,5.112263679504394531e+00
4.623904079198837280e-02,1.749836653470993042e-02,5.111975193023681641e+00
4.630904085934162140e-02,1.774192601442337036e-02,5.112504005432128906e+00
4.637904092669487000e-02,1.910609379410743713e-02,5.111691951751708984e+00
4.644904099404811859e-02,1.905844733119010925e-02,5.111865043640136719e+00
4.651904106140136719e-02,1.835262589156627655e-02,5.111889839172363281e+00
4.659004043787717819e-02,1.823857426643371582e-02,5.112185478210449219e+00
4.666004050523042679e-02,1.770241744816303253e-02,5.112272262573242188e+00
4.673004057258367538e-02,1.761515811085700989e-02,5.112025737762451172e+00
4.680004063993692398e-02,1.811010576784610748e-02,5.112481117248535156e+00
4.687004070729017258e-02,1.798572763800621033e-02,5.111815929412841797e+00
4.694004077464342117e-02,1.769304648041725159e-02,5.112626075744628906e+00
4.701004084199666977e-02,1.818648912012577057e-02,5.111968517303466797e+00
4.708004090934991837e-02,1.792078837752342224e-02,5.112180709838867188e+00
4.715004097670316696e-02,1.728124544024467468e-02,5.112150192260742188e+00
4.722004104405641556e-02,1.795204170048236847e-02,5.111732959747314453e+00
4.729004111140966415e-02,1.807175204157829285e-02,5.111400604248046875e+00
4.736004117876291275e-02,1.825651153922080994e-02,5.112174034118652344e+00
4.743004124611616135e-02,1.995857991278171539e-02,5.111134052276611328e+00
4.750004131346940994e-02,2.063171751797199249e-02,5.110935688018798828e+00
4.757004138082265854e-02,1.982165686786174774e-02,5.111265182495117188e+00
4.764004144817590714e-02,1.828717440366744995e-02,5.112401485443115234e+00
4.771004151552915573e-02,1.847724057734012604e-02,5.111745357513427734e+00
4.778104182332754135e-02,1.897180266678333282e-02,5.111701965332031250e+00
4.785104189068078995e-02,1.779487356543540955e-02,5.112409114837646484e+00
4.792104195803403854e-02,1.886735484004020691e-02,5.111924648284912109e+00
4.799104202538728714e-02,1.872554607689380646e-02,5.111755371093750000e+00
4.806104209274053574e-02,1.899663917720317841e-02,5.111796379089355469e+00
4.813104216009378433e-02,1.873528398573398590e-02,5.111781120300292969e+00
4.820104222744703293e-02,1.917077228426933289e-02,5.111514091491699219e+00
4.827104229480028152e-02,1.896215975284576416e-02,5.111495971679687500e+00
4.834104236215353012e-02,1.886034756898880005e-02,5.111929893493652344e+00
4.841104242950677872e-02,2.062841318547725677e-02,5.111234188079833984e+00
4.848104249686002731e-02,2.091575600206851959e-02,5.110989093780517578e+00
4.855104256421327591e-02,2.066848054528236389e-02,5.111328125000000000e+00
4.862104263156652451e-02,2.121538482606410980e-02,5.111369132995605469e+00
4.869104269891977310e-02,2.063156291842460632e-02,5.111340999603271484e+00
4.876104276627302170e-02,2.152562327682971954e-02,5.110677719116210938e+00
4.883104283362627029e-02,2.053271606564521790e-02,5.110999584197998047e+00
4.890104290097951889e-02,2.082795463502407074e-02,5.111067295074462891e+00
4.897204320877790451e-02,2.082212269306182861e-02,5.111006736755371094e+00
4.904204327613115311e-02,2.056048251688480377e-02,5.111309051513671875e+00
4.911204334348440170e-02,2.119870111346244812e-02,5.110592842102050781e+00
4.918204341083765030e-02,2.119225077331066132e-02,5.110943794250488281e+00
4.925204347819089890e-02,2.008871920406818390e-02,5.110475063323974609e+00
4.932204354554414749e-02,2.092611044645309448e-02,5.111141681671142578e+00
4.939204361289739609e-02,2.121887728571891785e-02,5.110523223876953125e+00
4.946204368025064468e-02,2.030979655683040619e-02,5.111057281494140625e+00
4.953204374760389328e-02,2.013598196208477020e-02,5.111602783203125000e+00
4.960204381495714188e-02,2.065652608871459961e-02,5.111013412475585938e+00
4.967204388231039047e-02,1.958838105201721191e-02,5.111495018005371094e+00
4.974204394966363907e-02,1.861935108900070190e-02,5.112109661102294922e+00
4.981204401701688766e-02,1.937024295330047607e-02,5.111121177673339844e+00
4.988204408437013626e-02,1.920970901846885681e-02,5.111819267272949219e+00
4.995204415172338486e-02,1.836498454213142395e-02,5.112095832824707031e+00
5.002204421907663345e-02,1.914402842521667480e-02,5.111505985260009766e+00
5.009304359555244446e-02,1.881743408739566803e-02,5.111607074737548828e+00
5.016304366290569305e-02,1.881512440741062164e-02,5.112129211425781250e+00
5.023304373025894165e-02,1.882562413811683655e-02,5.112076282501220703e+00
5.030304379761219025e-02,1.923002675175666809e-02,5.111656665802001953e+00
5.037304386496543884e-02,1.980004645884037018e-02,5.111293792724609375e+00
5.044304393231868744e-02,2.054367214441299438e-02,5.111196517944335938e+00
5.051304399967193604e-02,2.056600339710712433e-02,5.111329078674316406e+00
5.058304406702518463e-02,2.090961672365665436e-02,5.110878467559814453e+00
5.065304413437843323e-02,2.092453651130199432e-02,5.110405921936035156e+00
5.072304420173168182e-02,1.933005824685096741e-02,5.111724376678466797e+00
5.079304426908493042e-02,1.936561800539493561e-02,5.111743927001953125e+00
5.086304433643817902e-02,1.912024989724159241e-02,5.111980438232421875e+00
5.093304440379142761e-02,1.858354546129703522e-02,5.111839294433593750e+00
5.100304447114467621e-02,1.890827342867851257e-02,5.111345291137695312e+00
5.107304453849792480e-02,1.913399621844291687e-02,5.111485958099365234e+00
5.114304460585117340e-02,1.868906803429126740e-02,5.111840724945068359e+00
5.121304467320442200e-02,1.950868405401706696e-02,5.111388683319091797e+00
5.128404498100280762e-02,1.859503053128719330e-02,5.112458705902099609e+00
5.135404504835605621e-02,1.766576245427131653e-02,5.112168312072753906e+00
5.142404511570930481e-02,2.022888325154781342e-02,5.110885143280029297e+00
5.149404518306255341e-02,2.070291340351104736e-02,5.110783100128173828e+00
5.156404525041580200e-02,2.019898593425750732e-02,5.111133098602294922e+00
5.163404531776905060e-02,1.880079135298728943e-02,5.111253738403320312e+00
5.170404538512229919e-02,1.929772272706031799e-02,5.111653327941894531e+00
5.177404545247554779e-02,1.862239465117454529e-02,5.111297607421875000e+00
5.184404551982879639e-02,1.875806599855422974e-02,5.112082004547119141e+00
5.191404558718204498e-02,1.903622783720493317e-02,5.111709594726562500e+00
5.198404565453529358e-02,1.939619891345500946e-02,5.111181259155273438e+00
5.205404572188854218e-02,1.852543279528617859e-02,5.112031459808349609e+00
5.212404578924179077e-02,1.921898126602172852e-02,5.111574649810791016e+00
5.219404585659503937e-02,1.923957653343677521e-02,5.112124443054199219e+00
5.226404592394828796e-02,1.839985325932502747e-02,5.111681938171386719e+00
5.233404599130153656e-02,1.875630207359790802e-02,5.111787796020507812e+00
5.240404605865478516e-02,2.042646147310733795e-02,5.110488891601562500e+00
5.247504636645317078e-02,2.095580846071243286e-02,5.111382961273193359e+00
5.254504643380641937e-02,2.059675380587577820e-02,5.111025333404541016e+00
5.261504650115966797e-02,1.909416913986206055e-02,5.111805438995361328e+00
5.268504656851291656e-02,1.906640641391277313e-02,5.111558437347412109e+00
5.275504663586616516e-02,1.873570308089256287e-02,5.111742019653320312e+00
5.282504670321941376e-02,1.920258067548274994e-02,5.111875057220458984e+00
5.289504677057266235e-02,1.917264051735401154e-02,5.111714363098144531e+00
5.296504683792591095e-02,1.909650489687919617e-02,5.111969947814941406e+00
5.303504690527915955e-02,1.838649995625019073e-02,5.111883640289306641e+00
5.310504697263240814e-02,1.845624484121799469e-02,5.112179279327392578e+00
5.317504703998565674e-02,1.843503676354885101e-02,5.111622810363769531e+00
5.324504710733890533e-02,1.838780380785465240e-02,5.112456798553466797e+00
5.331504717469215393e-02,1.860360801219940186e-02,5.111791610717773438e+00
5.338504724204540253e-02,1.989421620965003967e-02,5.112016201019287109e+00
5.345504730939865112e-02,2.252764813601970673e-02,5.110186100006103516e+00
5.352504737675189972e-02,2.311311289668083191e-02,5.109727382659912109e+00
5.359604675322771072e-02,2.362612448632717133e-02,5.110118865966796875e+00
5.366604682058095932e-02,2.298058755695819855e-02,5.110031127929687500e+00
5.373604688793420792e-02,2.323450148105621338e-02,5.109781742095947266e+00
5.380604695528745651e-02,2.355910465121269226e-02,5.110145568847656250e+00
5.387604702264070511e-02,2.340129390358924866e-02,5.110009670257568359e+00
5.394604708999395370e-02,2.250191196799278259e-02,5.110150814056396484e+00
5.401604715734720230e-02,2.183439210057258606e-02,5.110544681549072266e+00
5.408604722470045090e-02,2.222999185323715210e-02,5.110239028930664062e+00
5.415604729205369949e-02,2.065156586468219757e-02,5.110995292663574219e+00
5.422604735940694809e-02,2.125548943877220154e-02,5.110754489898681641e+00
5.429604742676019669e-02,2.124400436878204346e-02,5.110874176025390625e+00
5.436604749411344528e-02,2.157430909574031830e-02,5.110555648803710938e+00
5.443604756146669388e-02,2.340226247906684875e-02,5.109440803527832031e+00
5.450604762881994247e-02,2.335432171821594238e-02,5.110161304473876953e+00
5.457604769617319107e-02,2.199150808155536652e-02,5.110463619232177734e+00
5.464604776352643967e-02,2.068669348955154419e-02,5.110648632049560547e+00
5.471604783087968826e-02,2.092017792165279388e-02,5.110991954803466797e+00
5.478704813867807388e-02,2.099185064435005188e-02,5.111027240753173828e+00
5.485704820603132248e-02,1.945438981056213379e-02,5.111606597900390625e+00
5.492704827338457108e-02,1.910133473575115204e-02,5.111646175384521484e+00
5.499704834073781967e-02,1.918944902718067169e-02,5.111719608306884766e+00
5.506704840809106827e-02,1.930082030594348907e-02,5.111669063568115234e+00
5.513704847544431686e-02,1.798403263092041016e-02,5.112150669097900391e+00
5.520704854279756546e-02,1.857822015881538391e-02,5.112176895141601562e+00
5.527704861015081406e-02,1.835568808019161224e-02,5.111700057983398438e+00
5.534704867750406265e-02,1.735745184123516083e-02,5.112925529479980469e+00
5.541704874485731125e-02,1.784753426909446716e-02,5.112311363220214844e+00
5.548704881221055984e-02,1.929581724107265472e-02,5.111443519592285156e+00
5.555704887956380844e-02,1.851399242877960205e-02,5.111865520477294922e+00
5.562704894691705704e-02,1.887439005076885223e-02,5.112075805664062500e+00
5.569704901427030563e-02,1.848031952977180481e-02,5.112060070037841797e+00
5.576704908162355423e-02,2.022309228777885437e-02,5.111165046691894531e+00
5.583704914897680283e-02,2.105465903878211975e-02,5.111648559570312500e+00
5.590804945677518845e-02,2.114712260663509369e-02,5.110461235046386719e+00
5.597804952412843704e-02,2.157764881849288940e-02,5.111193656921386719e+00
5.604804959148168564e-02,2.082270011305809021e-02,5.111223697662353516e+00
5.611804965883493423e-02,2.128002978861331940e-02,5.109838485717773438e+00
5.618804972618818283e-02,9.101579338312149048e-02,5.080340862274169922e+00
5.625804979354143143e-02,9.069553017616271973e-02,5.080751419067382812e+00
5.632804892957210541e-02,9.124468266963958740e-02,5.080377578735351562e+00
5.639804899692535400e-02,9.252921491861343384e-02,5.079732418060302734e+00
5.646804906427860260e-02,9.294719249010086060e-02,5.080028533935546875e+00
5.653804913163185120e-02,9.289919584989547729e-02,5.079832553863525391e+00
5.660804919898509979e-02,9.335921704769134521e-02,5.079916477203369141e+00
5.667804926633834839e-02,9.169876575469970703e-02,5.080028057098388672e+00
5.674804933369159698e-02,9.106890857219696045e-02,5.080370903015136719e+00
5.681804940104484558e-02,9.158598631620407104e-02,5.080338954925537109e+00
5.688804946839809418e-02,9.137725830078125000e-02,5.080556869506835938e+00
5.695804953575134277e-02,9.083402901887893677e-02,5.080800056457519531e+00
5.702804960310459137e-02,9.127207100391387939e-02,5.080350875854492188e+00
5.709904991090297699e-02,9.139318019151687622e-02,5.080355167388916016e+00
5.716904997825622559e-02,9.240839630365371704e-02,5.079384803771972656e+00
5.723905004560947418e-02,9.114436805248260498e-02,5.080890178680419922e+00
5.730905011296272278e-02,9.140642732381820679e-02,5.080814361572265625e+00
5.737905018031597137e-02,9.177692234516143799e-02,5.080197334289550781e+00
5.744905024766921997e-02,9.252835810184478760e-02,5.079882621765136719e+00
5.751905031502246857e-02,9.146849811077117920e-02,5.080297946929931641e+00
5.758905038237571716e-02,9.140839427709579468e-02,5.080746650695800781e+00
5.765905044972896576e-02,9.070707112550735474e-02,5.081040382385253906e+00
5.772905051708221436e-02,9.260079264640808105e-02,5.079840660095214844e+00
5.779905058443546295e-02,9.221285581588745117e-02,5.079716682434082031e+00
5.786905065178871155e-02,9.105706214904785156e-02,5.080792903900146484e+00
5.793905071914196014e-02,9.071317315101623535e-02,5.080805301666259766e+00
5.800905078649520874e-02,9.112328290939331055e-02,5.080523490905761719e+00
5.807905085384845734e-02,9.104419499635696411e-02,5.080738067626953125e+00
5.814905092120170593e-02,9.069069474935531616e-02,5.080954551696777344e+00
5.821905098855495453e-02,9.134253859519958496e-02,5.080031394958496094e+00
5.829005129635334015e-02,9.120655804872512817e-02,5.080408573150634766e+00
5.836005136370658875e-02,9.056182950735092163e-02,5.080865383148193359e+00
5.843005143105983734e-02,9.291494637727737427e-02,5.079937458038330078e+00
5.850005149841308594e-02,9.304769337177276611e-02,5.079931735992431641e+00
5.857005156576633453e-02,9.278078377246856689e-02,5.079863071441650391e+00
5.864005163311958313e-02,9.286747127771377563e-02,5.079282760620117188e+00
5.871005170047283173e-02,9.284883737564086914e-02,5.079718589782714844e+00
5.878005176782608032e-02,9.261512756347656250e-02,5.079709529876708984e+00
5.885005183517932892e-02,9.252264350652694702e-02,5.079939842224121094e+00
5.892005190253257751e-02,9.314014017581939697e-02,5.079856395721435547e+00
5.899005196988582611e-02,9.309369325637817383e-02,5.080153942108154297e+00
5.906005203723907471e-02,9.233849495649337769e-02,5.079535961151123047e+00
5.913005210459232330e-02,9.219457954168319702e-02,5.080527305603027344e+00
5.920005217194557190e-02,9.108407795429229736e-02,5.080492973327636719e+00
5.927005223929882050e-02,9.080892801284790039e-02,5.080415725708007812e+00
5.934005230665206909e-02,9.098317474126815796e-02,5.080854415893554688e+00
5.941105168312788010e-02,9.245236217975616455e-02,5.079595565795898438e+00
5.948105175048112869e-02,9.296946972608566284e-02,5.079734325408935547e+00
5.955105181783437729e-02,9.269034862518310547e-02,5.079916954040527344e+00
5.962105188518762589e-02,9.332474321126937866e-02,5.079645633697509766e+00
5.969105195254087448e-02,9.294282644987106323e-02,5.079684734344482422e+00
5.976105201989412308e-02,9.201246500015258789e-02,5.080433845520019531e+00
5.983105208724737167e-02,9.103757888078689575e-02,5.080310344696044922e+00
5.990105215460062027e-02,9.117150306701660156e-02,5.080186367034912109e+00
5.997105222195386887e-02,9.096559137105941772e-02,5.080544948577880859e+00
6.004105228930711746e-02,9.216012805700302124e-02,5.079998016357421875e+00
6.011105235666036606e-02,9.126085042953491211e-02,5.080262184143066406e+00
6.018105242401361465e-02,9.108144789934158325e-02,5.080533027648925781e+00
6.025105249136686325e-02,9.076207876205444336e-02,5.080804347991943359e+00
6.032105255872011185e-02,9.120076894760131836e-02,5.080672264099121094e+00
6.039105262607336044e-02,9.202601015567779541e-02,5.079596996307373047e+00
6.046105269342660904e-02,9.259690344333648682e-02,5.079808235168457031e+00
6.053105276077985764e-02,9.318835288286209106e-02,5.079699993133544922e+00
6.060205306857824326e-02,9.285914897918701172e-02,5.079827308654785156e+00
6.067205313593149185e-02,9.282282739877700806e-02,5.079402923583984375e+00
6.074205320328474045e-02,9.296396374702453613e-02,5.080251216888427734e+00
6.081205327063798904e-02,9.315242618322372437e-02,5.080059528350830078e+00
6.088205333799123764e-02,9.295382350683212280e-02,5.079366683959960938e+00
6.095205340534448624e-02,9.087309986352920532e-02,5.080823421478271484e+00
6.102205347269773483e-02,9.130022674798965454e-02,5.080524921417236328e+00
6.109205354005098343e-02,9.103501588106155396e-02,5.080451011657714844e+00
6.116205360740423203e-02,9.077992290258407593e-02,5.080464363098144531e+00
6.123205367475748062e-02,9.223534911870956421e-02,5.079807281494140625e+00
6.130205374211072922e-02,9.121176600456237793e-02,5.080111026763916016e+00
6.137205380946397781e-02,9.121509641408920288e-02,5.080245971679687500e+00
6.144205387681722641e-02,9.279359877109527588e-02,5.079796314239501953e+00
6.151205394417047501e-02,9.322392940521240234e-02,5.079928398132324219e+00
6.158205401152372360e-02,9.199868887662887573e-02,5.080020427703857422e+00
6.165205407887697220e-02,9.084491431713104248e-02,5.080253124237060547e+00
6.172205414623022079e-02,9.133277088403701782e-02,5.080925464630126953e+00
6.179305445402860641e-02,9.261414408683776855e-02,5.079795360565185547e+00
6.186305452138185501e-02,9.249170124530792236e-02,5.079758644104003906e+00
6.193305458873510361e-02,9.303937852382659912e-02,5.079359054565429688e+00
6.200305465608835220e-02,9.293609112501144409e-02,5.079620361328125000e+00
6.207305472344160080e-02,9.295118600130081177e-02,5.079741477966308594e+00
6.214305479079484940e-02,9.273532778024673462e-02,5.080076694488525391e+00
6.221305485814809799e-02,9.301071614027023315e-02,5.080404758453369141e+00
6.228305492550134659e-02,9.306427091360092163e-02,5.079919815063476562e+00
6.235305499285459518e-02,9.271505475044250488e-02,5.079699039459228516e+00
6.242305506020784378e-02,9.299099445343017578e-02,5.079333305358886719e+00
6.249305512756109238e-02,9.325334429740905762e-02,5.079817771911621094e+00
6.256305519491434097e-02,9.233174473047256470e-02,5.079935550689697266e+00
6.263305526226758957e-02,8.597166836261749268e-02,5.083980560302734375e+00
6.270305532962083817e-02,2.043313905596733093e-02,5.110504150390625000e+00
6.277305539697408676e-02,2.146106585860252380e-02,5.111194133758544922e+00
6.284305546432733536e-02,2.279927581548690796e-02,5.110171318054199219e+00
6.291405484080314636e-02,1.926649548113346100e-02,5.111948966979980469e+00
6.298405490815639496e-02,1.983823254704475403e-02,5.111188888549804688e+00
6.305405497550964355e-02,1.874412782490253448e-02,5.111721515655517578e+00
6.312405504286289215e-02,1.937633752822875977e-02,5.111932754516601562e+00
6.319405511021614075e-02,1.898391731083393097e-02,5.111655712127685547e+00
6.326405517756938934e-02,1.808316074311733246e-02,5.112236976623535156e+00
6.333405524492263794e-02,1.849907636642456055e-02,5.111880779266357422e+00
6.340405531227588654e-02,1.950591243803501129e-02,5.111548423767089844e+00
6.347405537962913513e-02,1.991984620690345764e-02,5.111689090728759766e+00
6.354405544698238373e-02,1.950901933014392853e-02,5.111476898193359375e+00
6.361405551433563232e-02,1.946998760104179382e-02,5.111809730529785156e+00
6.368405558168888092e-02,1.952791213989257812e-02,5.111306667327880859e+00
6.375405564904212952e-02,1.930694468319416046e-02,5.111783027648925781e+00
6.382405571639537811e-02,1.940754614770412445e-02,5.111791133880615234e+00
6.389405578374862671e-02,1.996043324470520020e-02,5.111520290374755859e+00
6.396405585110187531e-02,1.694151945412158966e-02,5.112339973449707031e+00
6.403405591845512390e-02,1.792031526565551758e-02,5.112745761871337891e+00
6.410505622625350952e-02,1.780494302511215210e-02,5.111766338348388672e+00
6.417505629360675812e-02,1.772566325962543488e-02,5.112552642822265625e+00
6.424505636096000671e-02,1.716867461800575256e-02,5.112331867218017578e+00
6.431505642831325531e-02,1.775290630757808685e-02,5.112806797027587891e+00
6.438505649566650391e-02,1.806506328284740448e-02,5.111802101135253906e+00
6.445505656301975250e-02,1.962606236338615417e-02,5.111536979675292969e+00
6.452505663037300110e-02,2.015141956508159637e-02,5.111533641815185547e+00
6.459505669772624969e-02,1.853694580495357513e-02,5.111811637878417969e+00
6.466505676507949829e-02,1.724107004702091217e-02,5.112414836883544922e+00
6.473505683243274689e-02,1.781913824379444122e-02,5.112146377563476562e+00
6.480505689978599548e-02,1.811930350959300995e-02,5.113080501556396484e+00
6.487505696713924408e-02,1.771021075546741486e-02,5.112475395202636719e+00
6.494505703449249268e-02,1.756254583597183228e-02,5.112494468688964844e+00
6.501505710184574127e-02,1.790269091725349426e-02,5.112481117248535156e+00
6.508505716919898987e-02,1.766933128237724304e-02,5.112904071807861328e+00
6.515505723655223846e-02,1.757431402802467346e-02,5.112275600433349609e+00
6.522605754435062408e-02,1.809212379157543182e-02,5.111907958984375000e+00
6.529605761170387268e-02,1.788496971130371094e-02,5.112496376037597656e+00
6.536605767905712128e-02,1.740641146898269653e-02,5.112582683563232422e+00
6.543605774641036987e-02,2.152867428958415985e-02,5.110623359680175781e+00
6.550605781376361847e-02,2.220374904572963715e-02,5.111168861389160156e+00
6.557605788111686707e-02,2.229036577045917511e-02,5.110593318939208984e+00
6.564605794847011566e-02,2.088407240808010101e-02,5.111721038818359375e+00
6.571605801582336426e-02,2.053746022284030914e-02,5.111049652099609375e+00
6.578605808317661285e-02,2.019821666181087494e-02,5.110994815826416016e+00
6.585605815052986145e-02,1.993673108518123627e-02,5.112167835235595703e+00
6.592605821788311005e-02,2.081304416060447693e-02,5.111523628234863281e+00
6.599605828523635864e-02,2.035214565694332123e-02,5.110513210296630859e+00
6.606605835258960724e-02,1.991682685911655426e-02,5.111699581146240234e+00
6.613605748862028122e-02,2.037704363465309143e-02,5.111100196838378906e+00
6.620605755597352982e-02,2.055118605494499207e-02,5.111115455627441406e+00
6.627605762332677841e-02,2.046770602464675903e-02,5.111010074615478516e+00
6.634605769068002701e-02,2.002185955643653870e-02,5.111287117004394531e+00
6.641705799847841263e-02,2.181242406368255615e-02,5.110528469085693359e+00
6.648705806583166122e-02,2.089630626142024994e-02,5.110649108886718750e+00
6.655705813318490982e-02,2.009834349155426025e-02,5.111507415771484375e+00
6.662705820053815842e-02,1.807286404073238373e-02,5.112135410308837891e+00
6.669705826789140701e-02,1.786107011139392853e-02,5.112742900848388672e+00
6.676705833524465561e-02,1.733530685305595398e-02,5.112648963928222656e+00
6.683705840259790421e-02,1.778489165008068085e-02,5.112836837768554688e+00
6.690705846995115280e-02,1.802112348377704620e-02,5.112222671508789062e+00
6.697705853730440140e-02,1.757005229592323303e-02,5.112374782562255859e+00
6.704705860465764999e-02,1.782710477709770203e-02,5.112430572509765625e+00
6.711705867201089859e-02,1.777840033173561096e-02,5.112670421600341797e+00
6.718705873936414719e-02,1.794555038213729858e-02,5.112626075744628906e+00
6.725705880671739578e-02,1.746348291635513306e-02,5.111868381500244141e+00
6.732705887407064438e-02,1.806521601974964142e-02,5.112689018249511719e+00
6.739705894142389297e-02,1.898624189198017120e-02,5.111324787139892578e+00
6.746705900877714157e-02,1.923279091715812683e-02,5.111291885375976562e+00
6.753705907613039017e-02,1.965509355068206787e-02,5.111344337463378906e+00
6.760805938392877579e-02,1.926976256072521210e-02,5.111793041229248047e+00
6.767805945128202438e-02,1.772255823016166687e-02,5.112087726593017578e+00
6.774805951863527298e-02,1.757856830954551697e-02,5.112023830413818359e+00
6.781805958598852158e-02,1.806486956775188446e-02,5.112964630126953125e+00
6.788805965334177017e-02,1.773326285183429718e-02,5.112404823303222656e+00
6.795805972069501877e-02,1.766047999262809753e-02,5.112504005432128906e+00
6.802805978804826736e-02,1.778376474976539612e-02,5.112403392791748047e+00
6.809805985540151596e-02,1.823540963232517242e-02,5.111907005310058594e+00
6.816805992275476456e-02,1.717275194823741913e-02,5.112403869628906250e+00
6.823805999010801315e-02,1.802716590464115143e-02,5.111918926239013672e+00
6.830806005746126175e-02,1.774567924439907074e-02,5.112857341766357422e+00
6.837806012481451035e-02,1.827508211135864258e-02,5.111829757690429688e+00
6.844806019216775894e-02,2.015981636941432953e-02,5.111843109130859375e+00
6.851806025952100754e-02,1.996572129428386688e-02,5.110972881317138672e+00
6.858806032687425613e-02,2.052818797528743744e-02,5.111626148223876953e+00
6.865806039422750473e-02,2.023437246680259705e-02,5.111776828765869141e+00
6.872905977070331573e-02,2.055480703711509705e-02,5.111380577087402344e+00
6.879905983805656433e-02,2.040407434105873108e-02,5.111157417297363281e+00
6.886905990540981293e-02,1.991016790270805359e-02,5.111814022064208984e+00
6.893905997276306152e-02,1.979207061231136322e-02,5.111475467681884766e+00
6.900906004011631012e-02,2.056386508047580719e-02,5.111099243164062500e+00
6.907906010746955872e-02,1.999752037227153778e-02,5.111716270446777344e+00
6.914906017482280731e-02,1.970629766583442688e-02,5.111788272857666016e+00
6.921906024217605591e-02,1.983652636408805847e-02,5.111038684844970703e+00
6.928906030952930450e-02,2.000399120151996613e-02,5.111231803894042969e+00
6.935906037688255310e-02,1.914534904062747955e-02,5.111653804779052734e+00
6.942906044423580170e-02,2.140761539340019226e-02,5.110884189605712891e+00
6.949906051158905029e-02,2.232634089887142181e-02,5.110035419464111328e+00
6.956906057894229889e-02,2.197108604013919830e-02,5.111027717590332031e+00
6.963906064629554749e-02,2.250166796147823334e-02,5.110805988311767578e+00
6.970906071364879608e-02,2.249085716903209686e-02,5.110468387603759766e+00
6.977906078100204468e-02,2.060339599847793579e-02,5.110774993896484375e+00
6.984906084835529327e-02,2.045042999088764191e-02,5.111620426177978516e+00
6.992006115615367889e-02,2.070751786231994629e-02,5.111388206481933594e+00
6.999006122350692749e-02,2.061332762241363525e-02,5.110720634460449219e+00
7.006006129086017609e-02,2.025413513183593750e-02,5.111353874206542969e+00
7.013006135821342468e-02,2.065378427505493164e-02,5.111360073089599609e+00
7.020006142556667328e-02,2.032629400491714478e-02,5.111013412475585938e+00
7.027006149291992188e-02,1.996681280434131622e-02,5.111232280731201172e+00
7.034006156027317047e-02,2.074052207171916962e-02,5.111341953277587891e+00
7.041006162762641907e-02,2.174465730786323547e-02,5.110757827758789062e+00
7.048006169497966766e-02,2.219626680016517639e-02,5.109946727752685547e+00
7.055006176233291626e-02,2.223806828260421753e-02,5.110622406005859375e+00
7.062006182968616486e-02,1.963884383440017700e-02,5.111400604248046875e+00
7.069006189703941345e-02,2.017947100102901459e-02,5.111454010009765625e+00
7.076006196439266205e-02,1.770395226776599884e-02,5.112116336822509766e+00
7.083006203174591064e-02,1.820291951298713684e-02,5.112114429473876953e+00
7.090006209909915924e-02,1.805550605058670044e-02,5.112767219543457031e+00
7.097006216645240784e-02,1.761753670871257782e-02,5.113049507141113281e+00
7.104006223380565643e-02,1.827083341777324677e-02,5.112356185913085938e+00
7.111106254160404205e-02,1.798797026276588440e-02,5.111856460571289062e+00
7.118106260895729065e-02,1.791646704077720642e-02,5.111951351165771484e+00
7.125106267631053925e-02,1.774277910590171814e-02,5.111994266510009766e+00
7.132106274366378784e-02,1.807459630072116852e-02,5.112517356872558594e+00
7.139106281101703644e-02,1.851708255708217621e-02,5.112401962280273438e+00
7.146106287837028503e-02,2.182959206402301788e-02,5.110970020294189453e+00
7.153106294572353363e-02,2.230664528906345367e-02,5.110038280487060547e+00
7.160106301307678223e-02,2.279329486191272736e-02,5.110493183135986328e+00
7.167106308043003082e-02,2.043853886425495148e-02,5.111277103424072266e+00
7.174106314778327942e-02,2.053870819509029388e-02,5.111231803894042969e+00
7.181106321513652802e-02,2.053545601665973663e-02,5.111455440521240234e+00
7.188106328248977661e-02,2.026938274502754211e-02,5.110873699188232422e+00
7.195106334984302521e-02,2.059261314570903778e-02,5.111423492431640625e+00
7.202106341719627380e-02,2.186043746769428253e-02,5.110464096069335938e+00
7.209106348454952240e-02,2.050983346998691559e-02,5.111452102661132812e+00
7.216106355190277100e-02,2.025257609784603119e-02,5.111177444458007812e+00
7.223206292837858200e-02,2.060477621853351593e-02,5.111401081085205078e+00
7.230206299573183060e-02,2.029966190457344055e-02,5.111121177673339844e+00
7.237206306308507919e-02,1.997589319944381714e-02,5.111102104187011719e+00
7.244206313043832779e-02,2.231253311038017273e-02,5.110620021820068359e+00
7.251206319779157639e-02,2.281321212649345398e-02,5.110630512237548828e+00
7.258206326514482498e-02,2.191245183348655701e-02,5.110986709594726562e+00
7.265206333249807358e-02,2.147006429731845856e-02,5.110301017761230469e+00
7.272206339985132217e-02,2.025200240314006805e-02,5.111338615417480469e+00
7.279206346720457077e-02,2.048673667013645172e-02,5.111288070678710938e+00
7.286206353455781937e-02,2.041622437536716461e-02,5.111248970031738281e+00
7.293206360191106796e-02,2.051204256713390350e-02,5.111170768737792969e+00
7.300206366926431656e-02,2.082794904708862305e-02,5.111187934875488281e+00
7.307206373661756516e-02,2.010751329362392426e-02,5.111456871032714844e+00
7.314206380397081375e-02,2.067773230373859406e-02,5.112031459808349609e+00
7.321206387132406235e-02,2.167071588337421417e-02,5.110466957092285156e+00
7.328206393867731094e-02,2.057663537561893463e-02,5.110638618469238281e+00
7.335206400603055954e-02,2.041552402079105377e-02,5.111309051513671875e+00
7.342306431382894516e-02,2.182144485414028168e-02,5.110539436340332031e+00
7.349306438118219376e-02,2.241628989577293396e-02,5.110133171081542969e+00
7.356306444853544235e-02,2.150658331811428070e-02,5.110464096069335938e+00
7.363306451588869095e-02,2.240841090679168701e-02,5.110764026641845703e+00
7.370306458324193954e-02,2.238433621823787689e-02,5.110501289367675781e+00
7.377306465059518814e-02,2.167322300374507904e-02,5.110449790954589844e+00
7.384306471794843674e-02,2.259137853980064392e-02,5.110337734222412109e+00
7.391306478530168533e-02,2.245874702930450439e-02,5.109951972961425781e+00
7.398306485265493393e-02,2.125464752316474915e-02,5.110973834991455078e+00
7.405306492000818253e-02,2.036363817751407623e-02,5.111702919006347656e+00
7.412306498736143112e-02,2.054547891020774841e-02,5.110817909240722656e+00
7.419306505471467972e-02,2.050981670618057251e-02,5.110840797424316406e+00
7.426306512206792831e-02,2.015961147844791412e-02,5.111084938049316406e+00
7.433306518942117691e-02,2.081805653870105743e-02,5.111332893371582031e+00
7.440306525677442551e-02,2.103108912706375122e-02,5.111174106597900391e+00
7.447306532412767410e-02,2.193876728415489197e-02,5.110061645507812500e+00
7.454406563192605972e-02,2.253115549683570862e-02,5.110751152038574219e+00
7.461406569927930832e-02,2.250406332314014435e-02,5.110259532928466797e+00
7.468406576663255692e-02,2.224112488329410553e-02,5.110941410064697266e+00
7.475406583398580551e-02,2.219940349459648132e-02,5.110010147094726562e+00
7.482406590133905411e-02,2.220653742551803589e-02,5.110221385955810547e+00
7.489406596869230270e-02,2.123843133449554443e-02,5.110478878021240234e+00
7.496406603604555130e-02,2.085140533745288849e-02,5.111712455749511719e+00
7.503406610339879990e-02,2.046366035938262939e-02,5.111422538757324219e+00
7.510406617075204849e-02,2.078138291835784912e-02,5.111445903778076172e+00
7.517406623810529709e-02,1.984379254281520844e-02,5.111514568328857422e+00
7.524406630545854568e-02,2.046241983771324158e-02,5.111502647399902344e+00
7.531406637281179428e-02,2.032812684774398804e-02,5.110998630523681641e+00
7.538406644016504288e-02,2.082040347158908844e-02,5.111234664916992188e+00
7.545406650751829147e-02,2.231592312455177307e-02,5.110632896423339844e+00
7.552406657487154007e-02,2.221625111997127533e-02,5.110611438751220703e+00
7.559406664222478867e-02,2.257652953267097473e-02,5.111288547515869141e+00
7.566406670957803726e-02,2.017216198146343231e-02,5.111373901367187500e+00
7.573506608605384827e-02,2.065952681005001068e-02,5.111168861389160156e+00
7.580506615340709686e-02,2.057974413037300110e-02,5.111145019531250000e+00
7.587506622076034546e-02,2.007432840764522552e-02,5.111706733703613281e+00
7.594506628811359406e-02,2.045954391360282898e-02,5.111253261566162109e+00
7.601506635546684265e-02,2.099235914647579193e-02,5.111301898956298828e+00
7.608506642282009125e-02,2.145573496818542480e-02,5.110728263854980469e+00
7.615506649017333984e-02,2.023384347558021545e-02,5.111192226409912109e+00
7.622506655752658844e-02,2.051746286451816559e-02,5.111343383789062500e+00
7.629506662487983704e-02,2.060421183705329895e-02,5.110913753509521484e+00
7.636506669223308563e-02,2.016614004969596863e-02,5.111469268798828125e+00
7.643506675958633423e-02,2.225545421242713928e-02,5.110079765319824219e+00
7.650506682693958282e-02,2.226587384939193726e-02,5.110758304595947266e+00
7.657506689429283142e-02,2.166607044637203217e-02,5.110185623168945312e+00
7.664506696164608002e-02,2.254006266593933105e-02,5.110895156860351562e+00
7.671506702899932861e-02,2.040816470980644226e-02,5.111526012420654297e+00
7.678506709635257721e-02,2.052740007638931274e-02,5.111654758453369141e+00
7.685506716370582581e-02,2.018549293279647827e-02,5.111384391784667969e+00
7.692606747150421143e-02,2.064977027475833893e-02,5.111454010009765625e+00
7.699606753885746002e-02,2.054691128432750702e-02,5.110770702362060547e+00
7.706606760621070862e-02,2.059502713382244110e-02,5.111563205718994141e+00
7.713606767356395721e-02,2.054090052843093872e-02,5.110614299774169922e+00
7.720606774091720581e-02,2.179273590445518494e-02,5.110676765441894531e+00
7.727606780827045441e-02,2.023811265826225281e-02,5.111242294311523438e+00
7.734606787562370300e-02,2.035985887050628662e-02,5.111414432525634766e+00
7.741606794297695160e-02,2.152947895228862762e-02,5.110570907592773438e+00
7.748606801033020020e-02,2.151657827198505402e-02,5.111162185668945312e+00
7.755606807768344879e-02,2.029353007674217224e-02,5.111030578613281250e+00
7.762606814503669739e-02,2.063287980854511261e-02,5.111323833465576172e+00
7.769606821238994598e-02,2.044842764735221863e-02,5.110953330993652344e+00
7.776606827974319458e-02,2.037709392607212067e-02,5.111041545867919922e+00
7.783606834709644318e-02,2.259142324328422546e-02,5.111058712005615234e+00
7.790606841444969177e-02,2.247139811515808105e-02,5.110053539276123047e+00
7.797606848180294037e-02,2.198719419538974762e-02,5.111485481262207031e+00
7.804706878960132599e-02,2.245891466736793518e-02,5.109996318817138672e+00
7.811706885695457458e-02,2.260730415582656860e-02,5.110202312469482422e+00
7.818706892430782318e-02,2.174141630530357361e-02,5.110138416290283203e+00
7.825706806033849716e-02,2.233090437948703766e-02,5.110949039459228516e+00
7.832706812769174576e-02,2.234716713428497314e-02,5.110532760620117188e+00
7.839706819504499435e-02,2.234077826142311096e-02,5.110129356384277344e+00
7.846706826239824295e-02,2.196067571640014648e-02,5.111238479614257812e+00
7.853706832975149155e-02,2.246434614062309265e-02,5.110714435577392578e+00
7.860706839710474014e-02,2.238797582685947418e-02,5.110860347747802734e+00
7.867706846445798874e-02,2.172211930155754089e-02,5.110508918762207031e+00
7.874706853181123734e-02,2.237280271947383881e-02,5.110183238983154297e+00
7.881706859916448593e-02,2.251389808952808380e-02,5.110496997833251953e+00
7.888706866651773453e-02,2.193121984601020813e-02,5.110682964324951172e+00
7.895706873387098312e-02,2.038525231182575226e-02,5.111475944519042969e+00
7.902706880122423172e-02,1.967416889965534210e-02,5.110924243927001953e+00
7.909706886857748032e-02,1.980082690715789795e-02,5.111152172088623047e+00
7.916706893593072891e-02,1.950730197131633759e-02,5.111332416534423828e+00
7.923806924372911453e-02,2.011154405772686005e-02,5.111508369445800781e+00
7.930806931108236313e-02,1.997626386582851410e-02,5.111941337585449219e+00
7.937806937843561172e-02,1.908997632563114166e-02,5.111448764801025391e+00
7.944806944578886032e-02,1.974280923604965210e-02,5.111907958984375000e+00
7.951806951314210892e-02,2.008787542581558228e-02,5.111488819122314453e+00
7.958806958049535751e-02,2.032093890011310577e-02,5.111559867858886719e+00
7.965806964784860611e-02,1.924819871783256531e-02,5.111590862274169922e+00
7.972806971520185471e-02,1.934575103223323822e-02,5.111861705780029297e+00
7.979806978255510330e-02,1.769835315644741058e-02,5.113097190856933594e+00
7.986806984990835190e-02,1.732421852648258209e-02,5.112416267395019531e+00
7.993806991726160049e-02,1.777805015444755554e-02,5.112446784973144531e+00
8.000806998461484909e-02,1.773474924266338348e-02,5.112827777862548828e+00
8.007807005196809769e-02,1.723974384367465973e-02,5.112839698791503906e+00
8.014807011932134628e-02,1.766821183264255524e-02,5.112650394439697266e+00
8.021807018667459488e-02,1.807161048054695129e-02,5.112535953521728516e+00
8.028807025402784348e-02,1.721557416021823883e-02,5.112818241119384766e+00
8.035907056182622910e-02,1.752819120883941650e-02,5.112180233001708984e+00
